Words,Freq,Polarity,Subjectivity,Analysis
silence,15,,,
talking,7,,,
everyone,4,,,
always,77,,,
noise,1,,,
head,26,,,
nonsense,1,,,
feel,119,,,
love,195,,,
guarded,2,,,
overthink,1,,,
started,8,,,
knew,19,,,
second,9,,,
walked,5,,,
could,112,,,
something,49,,,
everybody,32,,,
looking,12,,,
start,8,,,
riot,2,,,
every,39,,,
time,89,,,
look,80,,,
eye,46,,,
world,55,,,
get,119,,,
quiet,3,,,
let,92,,,
go,156,,,
fall,44,,,
fly,13,,,
keep,66,,,
trying,22,,,
cause,156,,,
sat,13,,,
dreaming,7,,,
wide,3,,,
awake,3,,,
seeing,5,,,
thinking,12,,,
please,24,,,
worry,1,,,
waiting,19,,,
know,263,,,
believe,25,,,
saying,7,,,
hurry,2,,,
enemy,16,,,
dan,2,,,
reynolds,2,,,
wake,8,,,
sound,12,,,
allows,1,,,
mind,62,,,
run,92,,,
around,26,,,
ear,3,,,
ground,20,,,
searching,2,,,
behold,1,,,
story,17,,,
told,25,,,
back,59,,,
smiling,5,,,
turned,3,,,
tell,86,,,
greatest,2,,,
turn,23,,,
hate,16,,,
u,40,,,
oh,502,,,
misery,4,,,
want,124,,,
spare,4,,,
sympathy,4,,,
ready,26,,,
word,22,,,
wall,8,,,
praying,3,,,
laughter,1,,,
hall,2,,,
name,14,,,
called,8,,,
stack,1,,,
show,14,,,
like,255,,,
spit,1,,,
mic,1,,,
huh,1,,,
jid,1,,,
uh,5,,,
okay,25,,,
hoping,10,,,
somebody,16,,,
pray,3,,,
hope,23,,,
staying,1,,,
nobody,23,,,
posed,1,,,
p,2,,,
posted,1,,,
wreck,1,,,
emotion,1,,,
whenever,2,,,
road,9,,,
long,12,,,
put,47,,,
pedal,1,,,
floor,9,,,
trail,1,,,
energy,3,,,
unavailable,1,,,
em,14,,,
hasta,1,,,
luego,1,,,
wanna,143,,,
plot,1,,,
trot,1,,,
top,8,,,
outta,9,,,
shape,3,,,
thinkin,4,,,
box,2,,,
astronaut,1,,,
blasted,1,,,
planet,1,,,
rock,6,,,
catastrophe,2,,,
matter,2,,,
thought,20,,,
wreaking,1,,,
havoc,1,,,
opposition,1,,,
kinda,11,,,
shocking,1,,,
wanted,10,,,
static,1,,,
precision,1,,,
automatic,1,,,
quarterback,1,,,
talkin,4,,,
sacking,1,,,
pack,2,,,
panic,1,,,
batter,2,,,
baddest,1,,,
ya,6,,,
throat,1,,,
away,41,,,
swear,8,,,
never,170,,,
saint,4,,,
way,92,,,
boomerang,33,,,
many,16,,,
lie,72,,,
wish,86,,,
well,25,,,
said,56,,,
moving,16,,,
FALSE,1,,,
alarm,1,,,
see,93,,,
tomorrow,9,,,
bad,54,,,
letting,16,,,
throw,12,,,
tear,26,,,
cry,17,,,
sleepless,1,,,
lonely,35,,,
night,62,,,
work,4,,,
worth,6,,,
enough,12,,,
ahead,2,,,
easy,12,,,
mean,14,,,
wrong,16,,,
everything,31,,,
working,9,,,
ooh,120,,,
boome,3,,,
rang,1,,,
lock,18,,,
listen,10,,,
confession,1,,,
much,17,,,
le,8,,,
shine,10,,,
light,33,,,
dark,9,,,
side,8,,,
care,28,,,
overjoyed,3,,,
overnight,3,,,
joy,3,,,
kiss,24,,,
chain,22,,,
heart,102,,,
desire,4,,,
stop,31,,,
hold,41,,,
moment,11,,,
breaking,6,,,
free,10,,,
criticize,1,,,
analyse,1,,,
lost,18,,,
blinded,1,,,
thing,84,,,
seen,5,,,
girl,18,,,
stranger,2,,,
passing,2,,,
shadow,5,,,
closer,6,,,
tried,10,,,
caught,14,,,
headlight,6,,,
face,12,,,
crowd,5,,,
loving,3,,,
risk,1,,,
found,13,,,
dangerous,7,,,
living,12,,,
trust,10,,,
guess,20,,,
got,149,,,
vacant,2,,,
alibi,1,,,
trading,1,,,
truth,8,,,
essence,1,,,
hurt,15,,,
magic,5,,,
hampton,5,,,
mikey,2,,,
spot,2,,,
little,74,,,
hottie,1,,,
flipped,1,,,
shade,2,,,
lookin,5,,,
red,3,,,
rari,1,,,
sittin,3,,,
driveway,1,,,
bottle,3,,,
c,6,,,
roc,1,,,
hint,1,,,
kool,1,,,
aid,1,,,
done,9,,,
pulled,1,,,
getting,16,,,
rid,1,,,
weed,1,,,
tired,10,,,
running,12,,,
take,115,,,
break,42,,,
good,58,,,
move,9,,,
new,27,,,
james,1,,,
brown,1,,,
room,8,,,
right,33,,,
gold,16,,,
single,10,,,
gonn,1,,,
best,12,,,
drink,17,,,
sippin,1,,,
dancing,15,,,
handshake,3,,,
gettin,9,,,
drunk,12,,,
mansion,3,,,
classy,3,,,
come,65,,,
bout,16,,,
smash,3,,,
TRUE,8,,,
beach,1,,,
gotta,33,,,
leave,77,,,
9,1,,,
sleep,27,,,
early,2,,,
bird,1,,,
imma,1,,,
worm,1,,,
round,2,,,
walk,16,,,
limp,1,,,
cool,25,,,
next,20,,,
trip,4,,,
lil,2,,,
yachty,1,,,
boat,2,,,
lovin,1,,,
north,1,,,
comin,3,,,
need,65,,,
find,37,,,
crib,1,,,
stay,35,,,
pressed,1,,,
pick,3,,,
pace,3,,,
picture,5,,,
dance,6,,,
laugh,3,,,
sing,2,,,
rockin,1,,,
bling,1,,,
one,145,,,
ring,7,,,
later,1,,,
line,6,,,
rush,3,,,
type,4,,,
mama,2,,,
boy,21,,,
meet,15,,,
first,42,,,
whip,5,,,
coupe,1,,,
use,1,,,
seat,5,,,
belt,1,,,
shoe,3,,,
clothes,4,,,
chanel,1,,,
purse,1,,,
vacaying,1,,,
lazy,1,,,
curse,1,,,
two,21,,,
moon,11,,,
catching,2,,,
fire,25,,,
yeah,200,,,
kept,1,,,
self,1,,,
liar,15,,,
health,2,,,
sorry,17,,,
excuse,3,,,
mess,24,,,
pouring,4,,,
chest,20,,,
fell,14,,,
corridor,3,,,
broken,14,,,
left,20,,,
asleep,6,,,
bed,4,,,
happy,3,,,
nothing,38,,,
close,13,,,
door,8,,,
serene,1,,,
clean,2,,,
make,123,,,
play,25,,,
inside,35,,,
friend,30,,,
smile,6,,,
window,4,,,
tile,1,,,
frozen,1,,,
willow,1,,,
mile,8,,,
style,1,,,
soul,9,,,
heading,1,,,
forgetting,3,,,
say,97,,,
sight,4,,,
diminishing,1,,,
life,69,,,
suck,1,,,
try,23,,,
finish,1,,,
pearly,1,,,
white,3,,,
blurry,2,,,
surely,1,,,
bite,3,,,
dirty,2,,,
dust,5,,,
cut,10,,,
deeper,6,,,
nut,1,,,
believer,20,,,
ever,50,,,
must,2,,,
disgusting,1,,,
rust,4,,,
god,7,,,
unplug,1,,,
fuck,29,,,
stuck,12,,,
bedroom,2,,,
telling,4,,,
hurting,1,,,
year,14,,,
jonah,1,,,
marais,1,,,
dear,3,,,
season,1,,,
change,15,,,
day,27,,,
corbyn,1,,,
besson,1,,,
used,10,,,
miss,17,,,
baby,97,,,
lying,8,,,
daniel,2,,,
seavey,2,,,
forget,2,,,
still,40,,,
alone,19,,,
gave,9,,,
give,89,,,
zach,1,,,
herron,1,,,
help,20,,,
probably,2,,,
hit,15,,,
drop,2,,,
damn,5,,,
feeling,52,,,
think,71,,,
jack,1,,,
avery,1,,,
parachute,8,,,
vibing,1,,,
talk,22,,,
sit,4,,,
watching,3,,,
shitty,1,,,
movie,1,,,
high,44,,,
laughing,1,,,
losing,12,,,
control,8,,,
whatcha,1,,,
doin,3,,,
psyche,1,,,
alright,20,,,
happening,1,,,
lately,9,,,
someone,22,,,
spending,2,,,
else,24,,,
feelin,2,,,
understand,6,,,
questioning,6,,,
would,41,,,
kill,12,,,
thousand,8,,,
consequence,2,,,
without,28,,,
da,87,,,
finger,4,,,
wrapped,6,,,
three,4,,,
diamond,100,,,
usually,6,,,
blow,3,,,
heartless,13,,,
hear,18,,,
coldest,4,,,
somewhere,7,,,
far,9,,,
along,8,,,
woman,4,,,
cold,15,,,
winter,6,,,
wind,7,,,
breeze,1,,,
yo,2,,,
remember,13,,,
though,14,,,
watch,12,,,
ayo,2,,,
old,12,,,
gon,13,,,
homies,1,,,
end,24,,,
dr,1,,,
evil,1,,,
bringin,1,,,
decided,1,,,
speak,1,,,
3,3,,,
phone,15,,,
mad,2,,,
homie,1,,,
hot,6,,,
groove,4,,,
already,40,,,
leavin,1,,,
wait,10,,,
couple,2,,,
month,2,,,
better,30,,,
knock,7,,,
somethin,2,,,
hatin,1,,,
tonight,33,,,
machine,13,,,
table,3,,,
watchin,1,,,
kid,17,,,
fable,2,,,
luck,25,,,
money,31,,,
wishin,3,,,
raise,1,,,
petition,2,,,
stand,37,,,
wondering,7,,,
gonna,102,,,
sale,4,,,
part,14,,,
scared,8,,,
beast,2,,,
belly,2,,,
fill,2,,,
cup,7,,,
endless,3,,,
ambition,2,,,
paint,4,,,
town,3,,,
vision,3,,,
push,13,,,
broad,1,,,
street,1,,,
met,16,,,
sake,2,,,
might,18,,,
rocky,1,,,
ruined,1,,,
date,1,,,
last,21,,,
finally,15,,,
ran,5,,,
straight,9,,,
lobby,1,,,
space,6,,,
roommate,2,,,
yea,8,,,
sunday,2,,,
minimum,1,,,
wage,2,,,
known,6,,,
another,11,,,
ask,10,,,
hey,110,,,
ok,4,,,
dying,6,,,
restless,1,,,
tangled,1,,,
mattress,1,,,
morning,10,,,
dressed,2,,,
inch,2,,,
body,16,,,
waste,1,,,
r,1,,,
needed,9,,,
fine,17,,,
rather,4,,,
acting,4,,,
changed,3,,,
lose,20,,,
supposed,1,,,
open,20,,,
closing,1,,,
ripped,4,,,
mouth,3,,,
50,3,,,
party,12,,,
3am,2,,,
heartbeat,18,,,
bacardi,2,,,
sincerely,2,,,
dude,2,,,
dad,3,,,
begged,1,,,
win,3,,,
liked,2,,,
anyways,1,,,
missed,1,,,
birthday,1,,,
made,51,,,
somehow,4,,,
anyway,1,,,
low,75,,,
tongue,6,,,
tied,9,,,
dream,33,,,
die,7,,,
fear,9,,,
shed,5,,,
carry,1,,,
mistake,11,,,
funny,4,,,
hand,29,,,
bone,12,,,
lover,9,,,
fade,5,,,
place,11,,,
count,11,,,
blessing,9,,,
pay,11,,,
forward,2,,,
going,21,,,
learning,1,,,
hard,37,,,
slowly,9,,,
plan,3,,,
late,18,,,
gentleman,1,,,
even,34,,,
call,21,,,
car,9,,,
louisvuittons,1,,,
fucked,5,,,
favorite,1,,,
dress,2,,,
pretend,7,,,
act,6,,,
defend,2,,,
explosion,4,,,
hidden,4,,,
argument,1,,,
shit,20,,,
spice,1,,,
conversation,2,,,
sick,2,,,
forth,1,,,
fight,6,,,
starting,6,,,
contagious,1,,,
parent,6,,,
grabbed,1,,,
hopin,6,,,
hymn,1,,,
weekend,2,,,
beyonc,6,,,
shoot,16,,,
across,14,,,
sky,12,,,
symphony,5,,,
coldplay,8,,,
angel,2,,,
sent,2,,,
came,9,,,
lift,1,,,
drug,4,,,
river,1,,,
dried,1,,,
rain,13,,,
flood,3,,,
thirsty,1,,,
poured,4,,,
wing,4,,,
heavy,3,,,
woo,1,,,
coursing,1,,,
blood,12,,,
star,12,,,
la,139,,,
dimension,1,,,
misdirected,1,,,
confusion,1,,,
nonstop,2,,,
seem,6,,,
maybe,15,,,
real,25,,,
stupid,8,,,
anything,13,,,
market,1,,,
holding,6,,,
stressing,1,,,
color,1,,,
cure,1,,,
pain,25,,,
touch,27,,,
follow,8,,,
past,11,,,
satellite,2,,,
brought,2,,,
lo,34,,,
fading,2,,,
edge,1,,,
paradise,13,,,
skin,7,,,
holy,4,,,
grail,1,,,
set,8,,,
spinning,2,,,
clear,5,,,
peanut,2,,,
butter,2,,,
waffle,2,,,
singing,10,,,
fickle,1,,,
antidote,1,,,
laying,1,,,
cannot,6,,,
remote,1,,,
flip,3,,,
midst,1,,,
august,1,,,
christmas,1,,,
list,1,,,
nice,7,,,
rejection,2,,,
crazy,9,,,
price,3,,,
ecstatic,1,,,
blew,1,,,
big,4,,,
manic,1,,,
proud,4,,,
quite,2,,,
learned,14,,,
dinner,1,,,
hiding,1,,,
castle,3,,,
styrofoam,1,,,
either,4,,,
balance,4,,,
home,22,,,
drinking,1,,,
coffee,4,,,
playing,3,,,
battleground,1,,,
overwatch,1,,,
volume,1,,,
trippy,1,,,
fridge,1,,,
buzz,1,,,
bro,1,,,
buying,1,,,
designer,1,,,
flexing,1,,,
bitch,6,,,
brand,1,,,
coulda,1,,,
bought,3,,,
puppy,1,,,
220,1,,,
brew,1,,,
personal,1,,,
small,2,,,
decision,3,,,
brush,2,,,
teeth,3,,,
blah,1,,,
born,8,,,
messed,1,,,
century,1,,,
favourite,1,,,
flavoured,1,,,
sweet,16,,,
raspberry,1,,,
amphetamine,1,,,
beretta,1,,,
aged,1,,,
sixteen,1,,,
bleach,1,,,
cavity,1,,,
daddy,2,,,
gun,57,,,
dead,13,,,
gaffer,1,,,
tape,1,,,
locked,2,,,
went,3,,,
garden,1,,,
people,24,,,
survive,3,,,
toaster,1,,,
bath,1,,,
mum,1,,,
volt,1,,,
son,9,,,
casual,1,,,
affection,2,,,
lead,1,,,
sexual,1,,,
infection,1,,,
erection,1,,,
teacher,1,,,
preacher,1,,,
wash,1,,,
sin,1,,,
male,1,,,
cheerleader,1,,,
hi,1,,,
breathing,3,,,
tick,2,,,
tock,2,,,
clock,2,,,
shot,8,,,
fix,10,,,
cigarette,14,,,
pill,5,,,
liquor,1,,,
ill,1,,,
warned,3,,,
melt,1,,,
heard,5,,,
million,6,,,
followed,2,,,
warning,2,,,
sign,6,,,
none,5,,,
front,5,,,
send,5,,,
er,2,,,
stitch,12,,,
missing,7,,,
distance,7,,,
headache,4,,,
symptom,4,,,
rare,4,,,
case,4,,,
dreamt,2,,,
woke,1,,,
ton,1,,,
black,9,,,
blue,9,,,
bruised,1,,,
tropical,7,,,
tomb,1,,,
breathe,20,,,
sheet,8,,,
deep,33,,,
drowning,8,,,
surrounding,6,,,
lasso,1,,,
wearing,1,,,
swimming,2,,,
mine,15,,,
bullet,22,,,
roman,1,,,
king,3,,,
romulus,1,,,
precipice,1,,,
final,1,,,
appraise,1,,,
augustus,1,,,
nero,1,,,
takin,1,,,
bipolar,2,,,
yes,6,,,
promise,4,,,
pull,12,,,
trigger,2,,,
sweat,6,,,
devil,2,,,
deal,1,,,
wear,1,,,
crown,1,,,
rise,4,,,
voice,3,,,
unheard,1,,,
lesson,12,,,
artist,1,,,
insane,1,,,
fame,3,,,
wealth,1,,,
sellout,3,,,
goodbye,25,,,
rocket,2,,,
losin,3,,,
keepin,1,,,
smoke,4,,,
burnin,1,,,
learnin,1,,,
4x,1,,,
fixed,29,,,
shipwreck,1,,,
stopped,1,,,
anywhere,5,,,
storm,2,,,
took,8,,,
anytime,2,,,
apart,4,,,
undone,3,,,
stone,6,,,
calling,15,,,
ocean,6,,,
ghost,9,,,
hooked,1,,,
chained,1,,,
standing,11,,,
cliff,4,,,
kick,4,,,
live,13,,,
whatever,14,,,
falling,19,,,
fast,7,,,
prepare,1,,,
tripping,4,,,
circling,1,,,
vulturous,1,,,
negative,1,,,
nepotist,1,,,
man,14,,,
racehorse,2,,,
ripcord,2,,,
build,7,,,
slip,6,,,
upon,3,,,
lip,13,,,
letter,2,,,
rip,5,,,
adrenaline,7,,,
vein,12,,,
typical,1,,,
miserable,1,,,
hanging,7,,,
visual,1,,,
invisible,1,,,
martyrdom,1,,,
prodigal,1,,,
hypocritical,1,,,
egotistical,1,,,
parenthetical,1,,,
hypothetical,1,,,
epoxy,1,,,
apostrophe,1,,,
symbol,1,,,
remind,6,,,
product,1,,,
system,1,,,
yet,5,,,
masterpiece,1,,,
half,6,,,
diseased,1,,,
deceased,1,,,
least,2,,,
grave,1,,,
happily,1,,,
thee,1,,,
ophelia,9,,,
ah,44,,,
younger,1,,,
remorse,2,,,
girlfriend,2,,,
blinder,1,,,
since,5,,,
heaven,10,,,
fool,17,,,
paycheck,1,,,
honey,7,,,
wrote,3,,,
colour,2,,,
cheek,1,,,
shift,1,,,
stick,4,,,
summat,1,,,
ace,1,,,
sleeve,1,,,
idea,1,,,
nearly,1,,,
week,4,,,
secret,6,,,
tune,1,,,
repeat,5,,,
spilling,1,,,
settee,1,,,
flow,3,,,
sad,7,,,
sort,3,,,
mainly,3,,,
crawling,9,,,
busy,8,,,
gut,1,,,
shuts,1,,,
simmer,1,,,
pucker,1,,,
interrupt,1,,,
constantly,1,,,
cusp,1,,,
together,12,,,
darling,3,,,
complete,24,,,
evanescence,1,,,
fleeting,1,,,
flame,4,,,
slide,2,,,
hang,1,,,
drift,1,,,
question,5,,,
darkness,2,,,
felt,7,,,
yellow,6,,,
song,10,,,
beautiful,5,,,
swam,1,,,
jumped,2,,,
drew,2,,,
bleed,8,,,
dry,3,,,
selfishness,1,,,
drifting,1,,,
soon,1,,,
arrive,1,,,
torch,2,,,
chance,6,,,
pathetic,1,,,
regret,1,,,
delete,1,,,
reached,1,,,
meant,16,,,
cook,1,,,
dish,3,,,
record,1,,,
game,9,,,
taking,7,,,
issue,1,,,
bleeding,1,,,
bandaids,1,,,
tissue,1,,,
kind,9,,,
romantic,2,,,
overdramatic,1,,,
perfect,6,,,
lot,3,,,
simple,1,,,
complicated,1,,,
five,10,,,
review,1,,,
ten,3,,,
recommend,1,,,
pressure,8,,,
keeping,10,,,
appearance,1,,,
sometimes,22,,,
woop,1,,,
choice,1,,,
taken,2,,,
mom,7,,,
advice,1,,,
texting,2,,,
sore,2,,,
suddenly,4,,,
hardcore,1,,,
tattoo,5,,,
typically,2,,,
actually,4,,,
throwing,1,,,
apartment,1,,,
pic,1,,,
orleans,1,,,
pickup,1,,,
point,2,,,
packing,1,,,
suitcase,1,,,
card,3,,,
pushed,2,,,
heal,2,,,
difference,2,,,
deleted,1,,,
photo,1,,,
youngblood,8,,,
til,5,,,
surrender,1,,,
beat,5,,,
pulling,11,,,
walking,20,,,
hundred,1,,,
mm,1,,,
butterfly,7,,,
choose,2,,,
hide,7,,,
confess,3,,,
became,2,,,
friendship,1,,,
lowkey,5,,,
wonder,5,,,
cop,1,,,
whiskey,1,,,
downtown,1,,,
liquid,1,,,
courage,1,,,
honest,1,,,
vibrate,1,,,
catch,3,,,
vibe,1,,,
babe,6,,,
sun,11,,,
hush,2,,,
anyone,3,,,
till,18,,,
waking,3,,,
direction,1,,,
sized,2,,,
queen,2,,,
wizard,1,,,
tellin,2,,,
bewitching,1,,,
bar,1,,,
spell,3,,,
really,33,,,
bullshit,1,,,
poison,4,,,
exclusive,1,,,
tension,3,,,
intense,1,,,
asteroid,1,,,
discreet,1,,,
dodge,1,,,
tabloid,1,,,
problem,13,,,
fake,4,,,
shooting,1,,,
boulevard,1,,,
scarred,1,,,
pre,3,,,
chorus,8,,,
1,3,,,
leaving,1,,,
view,2,,,
crowded,2,,,
complicate,1,,,
universe,52,,,
2,3,,,
pas,1,,,
hello,2,,,
grief,1,,,
death,2,,,
ecstasy,1,,,
sea,3,,,
sure,3,,,
bulletproof,2,,,
solid,2,,,
jewel,2,,,
unbreakable,7,,,
bend,3,,,
tulip,3,,,
eyed,3,,,
foolish,4,,,
bruise,3,,,
breakin,3,,,
wire,30,,,
dagger,3,,,
pattern,3,,,
shatter,3,,,
battered,3,,,
giving,19,,,
belong,1,,,
station,1,,,
prince,1,,,
dove,2,,,
evergreen,5,,,
leaf,5,,,
rely,1,,,
asking,6,,,
afford,1,,,
forest,1,,,
tree,1,,,
thunder,4,,,
mystery,1,,,
water,7,,,
higher,10,,,
throughout,1,,,
ohh,1,,,
shrug,1,,,
shoulder,1,,,
slow,12,,,
write,3,,,
opinion,2,,,
fit,1,,,
crack,9,,,
snow,3,,,
ship,2,,,
departed,1,,,
anxious,1,,,
doctor,1,,,
played,9,,,
spin,1,,,
needle,11,,,
pin,1,,,
brim,1,,,
limb,1,,,
mixing,1,,,
checking,1,,,
twice,4,,,
breath,9,,,
seize,2,,,
camera,2,,,
action,2,,,
scene,2,,,
mercy,8,,,
company,17,,,
corner,1,,,
role,1,,,
riding,1,,,
hole,1,,,
bow,1,,,
fun,10,,,
keem,1,,,
strawberry,11,,,
lied,4,,,
fence,1,,,
key,4,,,
stared,1,,,
daydream,3,,,
sugar,3,,,
taste,12,,,
racing,3,,,
60,3,,,
jean,6,,,
lighter,3,,,
candy,3,,,
taught,1,,,
fate,4,,,
cab,1,,,
smell,1,,,
holiday,2,,,
wanting,3,,,
shake,5,,,
hunger,2,,,
pleasure,3,,,
runnin,4,,,
beauty,4,,,
drive,6,,,
wild,7,,,
shy,1,,,
number,27,,,
seven,9,,,
billion,8,,,
almost,7,,,
lived,6,,,
begun,5,,,
page,1,,,
amazing,1,,,
whole,5,,,
unexpected,1,,,
connected,1,,,
resurrected,1,,,
headed,2,,,
ending,4,,,
surrounded,3,,,
unthinkable,1,,,
miracle,1,,,
moral,5,,,
blindsided,1,,,
addicted,3,,,
hindsight,1,,,
obvious,1,,,
lawyer,1,,,
guy,3,,,
young,35,,,
memory,8,,,
volatile,1,,,
painted,1,,,
house,10,,,
grandparent,1,,,
fought,2,,,
mother,1,,,
loved,9,,,
load,1,,,
engaged,1,,,
knife,2,,,
alive,11,,,
quit,2,,,
shaking,3,,,
onto,3,,,
knee,12,,,
needing,9,,,
aching,3,,,
begging,4,,,
moth,1,,,
drawn,1,,,
lured,1,,,
sense,2,,,
bitter,1,,,
reap,2,,,
sow,2,,,
thread,7,,,
insomnia,13,,,
arm,5,,,
tylenol,1,,,
pm,1,,,
workin,1,,,
track,1,,,
lurkin,1,,,
reaching,4,,,
tossing,4,,,
turning,7,,,
flipping,2,,,
pillow,2,,,
curtain,2,,,
setting,3,,,
cruise,3,,,
pacin,1,,,
blame,5,,,
facin,1,,,
standin,2,,,
porch,2,,,
sayin,7,,,
fresh,3,,,
read,1,,,
speed,2,,,
detest,1,,,
bit,3,,,
difficult,1,,,
terror,1,,,
prey,1,,,
innocent,4,,,
victim,2,,,
darlin,6,,,
loveless,1,,,
integrity,1,,,
faith,3,,,
crocodile,1,,,
tearing,2,,,
seam,2,,,
escape,2,,,
erase,2,,,
happiness,1,,,
askin,4,,,
war,3,,,
nowhere,3,,,
paper,1,,,
pen,1,,,
understood,1,,,
irony,1,,,
sleeping,2,,,
dumb,5,,,
afraid,4,,,
demon,5,,,
kicking,3,,,
screaming,6,,,
behind,6,,,
save,9,,,
gotcha,3,,,
step,7,,,
shut,6,,,
2x,2,,,
scar,9,,,
prove,1,,,
showing,1,,,
sanity,1,,,
suicide,3,,,
legend,10,,,
saved,4,,,
pretty,24,,,
motivator,1,,,
changin,1,,,
behavior,1,,,
lady,1,,,
operator,1,,,
dialin,1,,,
throwin,3,,,
livin,6,,,
disaster,1,,,
answer,6,,,
master,3,,,
weigh,1,,,
devotion,2,,,
dreamworld,4,,,
middle,22,,,
stair,1,,,
cabinet,1,,,
bare,3,,,
unaware,1,,,
aggressive,2,,,
intention,2,,,
minute,6,,,
kitchen,4,,,
wet,1,,,
tap,1,,,
admission,1,,,
regardless,1,,,
objection,1,,,
pride,4,,,
sober,15,,,
dip,1,,,
beer,1,,,
crawl,2,,,
following,1,,,
definitely,1,,,
nineteen,3,,,
twenty,3,,,
weak,3,,,
wow,3,,,
downed,3,,,
music,3,,,
loud,3,,,
trade,3,,,
rover,3,,,
beg,1,,,
roller,1,,,
coaster,1,,,
bounce,1,,,
honestly,1,,,
unstoppable,14,,,
pumping,1,,,
battle,1,,,
hero,6,,,
everywhere,6,,,
swinging,3,,,
ali,3,,,
knocking,3,,,
champion,3,,,
silver,3,,,
impossible,3,,,
woah,37,,,
spotlight,1,,,
byte,1,,,
fuel,1,,,
anybody,1,,,
lunatic,1,,,
stake,1,,,
treat,1,,,
clarity,1,,,
ignore,1,,,
honesty,1,,,
exactly,2,,,
become,3,,,
summer,13,,,
depression,17,,,
teenage,2,,,
emotional,2,,,
social,2,,,
anxiety,2,,,
normal,1,,,
outside,1,,,
disappear,2,,,
worst,2,,,
habit,1,,,
sadness,1,,,
london,1,,,
sweeter,1,,,
daughter,1,,,
meaning,1,,,
grace,2,,,
ohhh,11,,,
piece,4,,,
warm,1,,,
blanket,1,,,
tank,3,,,
e,8,,,
splinter,1,,,
plenty,1,,,
gas,1,,,
tender,1,,,
forever,13,,,
sunshine,2,,,
crush,2,,,
blush,1,,,
scratch,3,,,
surface,3,,,
lick,3,,,
wound,3,,,
poke,3,,,
cash,3,,,
earned,1,,,
crash,1,,,
checkered,1,,,
owe,1,,,
chase,4,,,
melody,5,,,
tight,7,,,
photograph,1,,,
fragile,1,,,
glass,1,,,
future,3,,,
full,4,,,
spark,1,,,
fired,1,,,
sail,1,,,
age,1,,,
sulking,1,,,
mass,1,,,
writing,1,,,
poem,1,,,
shook,1,,,
heartache,1,,,
message,1,,,
speaking,1,,,
brain,4,,,
third,2,,,
prayer,9,,,
spirit,4,,,
choking,1,,,
building,2,,,
cloud,1,,,
ash,1,,,
drown,4,,,
ebbing,2,,,
flowing,2,,,
inhibited,2,,,
limited,2,,,
broke,16,,,
rained,4,,,
west,9,,,
coast,9,,,
spend,3,,,
lay,6,,,
worse,1,,,
weather,1,,,
cursin,1,,,
wishing,4,,,
superman,2,,,
strong,2,,,
wave,2,,,
cried,3,,,
grant,1,,,
ignored,1,,,
casually,1,,,
confident,3,,,
stress,1,,,
politics,1,,,
deficit,1,,,
bill,1,,,
overage,1,,,
screamin,1,,,
hollerin,1,,,
shattered,4,,,
overlook,1,,,
mud,1,,,
effortless,1,,,
innocence,1,,,
privilege,1,,,
deck,1,,,
vice,1,,,
thank,3,,,
capture,3,,,
bright,4,,,
infinity,3,,,
maeil,1,,,
bam,1,,,
nege,1,,,
naraga,2,,,
ga,1,,,
kkumiran,1,,,
geotdo,1,,,
ijeun,1,,,
chae,1,,,
na,38,,,
useumyeo,1,,,
neoreul,2,,,
manna,1,,,
eodumi,1,,,
naegen,1,,,
deo,1,,,
pyeonhaesseotji,1,,,
gireojin,1,,,
geurimja,1,,,
sogeseo,1,,,
different,10,,,
nareul,1,,,
balkyeojuneun,1,,,
geon,1,,,
neoran,1,,,
sarangeuro,1,,,
su,1,,,
noajin,1,,,
byeol,1,,,
nae,3,,,
ujuui,1,,,
neon,1,,,
tto,1,,,
dareun,1,,,
sesangeul,1,,,
mandeureo,1,,,
juneun,1,,,
geol,1,,,
neoneun,2,,,
byeorija,1,,,
naui,1,,,
ujunikka,1,,,
jigeum,1,,,
siryeondo,1,,,
gyeolgugen,1,,,
jamsinikka,1,,,
eonjekkajina,1,,,
jigeumcheoreom,1,,,
balgeman,1,,,
binnajwo,1,,,
urineun,1,,,
ttara,1,,,
gin,1,,,
bameul,1,,,
sunoeul,1,,,
geoya,1,,,
neowa,1,,,
hamkke,1,,,
ja,1,,,
eoseo,1,,,
soneul,1,,,
jaba,1,,,
korean,1,,,
english,1,,,
translation,1,,,
comfortable,1,,,
brightens,1,,,
embroidered,1,,,
hardship,1,,,
brief,1,,,
lipstick,1,,,
stain,1,,,
cleaning,1,,,
today,1,,,
zeppelin,1,,,
shirt,1,,,
wore,1,,,
foot,2,,,
chemical,8,,,
pool,2,,,
empty,2,,,
coming,3,,,
summertime,3,,,
caramel,3,,,
bungee,1,,,
jumping,1,,,
jet,1,,,
plane,1,,,
state,1,,,
superpower,1,,,
bruce,1,,,
wayne,1,,,
cheque,1,,,
gone,9,,,
echo,3,,,
chose,1,,,
irrelevant,1,,,
cheating,1,,,
momma,2,,,
couch,2,,,
2012,1,,,
nothin,7,,,
serious,1,,,
cheatin,12,,,
cocky,1,,,
admit,3,,,
fountain,9,,,
lovely,1,,,
quarter,1,,,
touching,1,,,
grabbing,3,,,
hip,2,,,
kissing,3,,,
whispering,2,,,
built,3,,,
handle,1,,,
goodluck,1,,,
hated,1,,,
bothered,1,,,
compare,4,,,
deeply,2,,,
hell,4,,,
argue,2,,,
paid,1,,,
killed,1,,,
blamin,3,,,
haha,3,,,
shredded,1,,,
embarrassed,1,,,
confidence,1,,,
making,4,,,
toe,1,,,
begin,2,,,
sway,1,,,
friday,2,,,
blind,4,,,
lullaby,1,,,
sigh,1,,,
news,1,,,
prays,1,,,
tower,1,,,
beggin,3,,,
boston,1,,,
bomb,1,,,
aside,1,,,
vacuum,2,,,
cleaner,2,,,
ford,2,,,
cortina,2,,,
pot,1,,,
held,2,,,
harder,2,,,
leccy,1,,,
meter,1,,,
portable,1,,,
heater,1,,,
lotion,1,,,
hair,3,,,
pacific,1,,,
idgaf,1,,,
friendly,1,,,
business,1,,,
yesterday,1,,,
movin,2,,,
creepin,1,,,
blamed,1,,,
alcohol,1,,,
switch,1,,,
position,1,,,
tryna,10,,,
tch,2,,,
reminiscin,1,,,
shoulda,1,,,
reason,8,,,
nerve,3,,,
awhile,1,,,
denial,1,,,
moved,2,,,
quicker,1,,,
stare,1,,,
happen,3,,,
rolling,17,,,
fever,6,,,
pitch,2,,,
bringing,2,,,
crystal,1,,,
version,2,,,
sell,2,,,
explicit,1,,,
underestimate,1,,,
breathless,2,,,
burn,3,,,
depth,1,,,
despair,1,,,
shared,1,,,
beating,9,,,
sorrow,1,,,
treasured,1,,,
peer,6,,,
text,1,,,
2am,1,,,
halfway,1,,,
testing,1,,,
everytime,1,,,
touchin,1,,,
teasing,2,,,
mmm,22,,,
sunflower,20,,,
headshake,1,,,
toothpaste,1,,,
hung,1,,,
gallery,1,,,
flower,1,,,
died,2,,,
plant,1,,,
seed,1,,,
takeaway,17,,,
doubt,1,,,
shelf,1,,,
scream,5,,,
fallen,2,,,
breakout,3,,,
puppet,1,,,
string,1,,,
ago,1,,,
settled,1,,,
aloud,1,,,
selfish,2,,,
tie,3,,,
tricking,1,,,
fixing,1,,,
champagne,6,,,
entourage,4,,,
rooftop,4,,,
n,4,,,
roll,4,,,
prozac,1,,,
align,1,,,
forgot,3,,,
decorates,1,,,
raven,1,,,
draw,1,,,
ex,1,,,
brag,1,,,
rant,1,,,
special,1,,,
glitter,3,,,
sold,2,,,
cruel,5,,,
material,4,,,
cost,1,,,
easily,1,,,
whoa,9,,,
raging,1,,,
leap,1,,,
roar,1,,,
course,1,,,
expectation,2,,,
listens,2,,,
neck,3,,,
eah,32,,,
nod,1,,,
fault,1,,,
harry,2,,,
goodnight,1,,,
holdin,2,,,
gravity,1,,,
palm,1,,,
seems,1,,,
replaced,1,,,
sitting,2,,,
ringin,1,,,
bell,1,,,
internet,1,,,
america,1,,,
untold,1,,,
beaten,1,,,
chasing,3,,,
escaping,1,,,
skyline,3,,,
reminds,3,,,
longing,1,,,
howling,1,,,
afar,1,,,
fighting,1,,,
afloat,1,,,
mountainside,2,,,
northern,1,,,
city,4,,,
staring,1,,,
grow,1,,,
dime,1,,,
lord,1,,,
4,1,,,
5,1,,,
rising,7,,,
shining,1,,,
beside,2,,,
hour,1,,,
booked,1,,,
restaurant,1,,,
eat,1,,,
buy,1,,,
fucking,1,,,
dreamed,9,,,
mirror,1,,,
pose,1,,,
compliment,2,,,
romance,1,,,
caller,1,,,
arrogant,2,,,
jealous,1,,,
trick,1,,,
abcdefu,1,,,
sister,4,,,
job,4,,,
as,4,,,
art,3,,,
dog,4,,,
ended,1,,,
textin,1,,,
dated,1,,,
attention,1,,,
connection,1,,,
anythin,1,,,
goin,1,,,
b,5,,,
f,6,,,
nah,174,,,
craigslist,1,,,
blessed,10,,,
rest,1,,,
clay,1,,,
safe,1,,,
glow,1,,,
rule,1,,,
stressed,2,,,
guessed,2,,,
unattended,3,,,
ease,4,,,
relief,4,,,
underneath,1,,,
trickle,2,,,
spine,2,,,
climb,2,,,
verse,2,,,
collecting,3,,,
purpose,3,,,
circumstance,3,,,
lucky,4,,,
tend,1,,,
seriously,1,,,
dreamer,2,,,
great,2,,,
fighter,2,,,
singin,2,,,
bang,30,,,
weapon,2,,,
history,1,,,
four,1,,,
enjoying,1,,,
ignoring,1,,,
coin,1,,,
hater,1,,,
causing,2,,,
ceiling,1,,,
band,1,,,
x,1,,,
bummer,1,,,
insecure,2,,,
pour,1,,,
level,1,,,
deny,1,,,
